Customer Id,Claim
H11920,0.10769145159528423
H11921,0.09160772075760362
H9805,0.05288361778363551
H7493,0.14354083122816624
H7494,0.1330958169317169
H10545,0.31873534059222464
H8962,0.11410465971895355
H1015,0.214998935166793
H9710,0.22410500229405014
H9029,0.19739601225464976
H11274,0.11397966639863805
H10785,0.10224905033181868
H10786,0.07156820780466314
H882,0.11819585515059512
H10742,0.08453186812143762
H12485,0.17687147936030792
H10972,0.18554573323689738
H10974,0.16020653385146771
H10975,0.10399599932208552
H10925,0.3683482446889826
H11877,0.1531833404963247
H8645,0.09999714339102292
H10692,0.38181032922231095
H10877,0.24027043882714522
H10905,0.7655631953086246
H10906,0.7603406881603999
H11124,0.34748090097574813
H11125,0.34225839382752343
H11242,0.5739357956235919
H11281,0.42215144321084214
H11550,0.6749172446103123
H12562,0.3828403762724998
H12563,0.2862182717961127
H7507,0.4163213695429276
H7646,0.3177296637621255
H8315,0.2674992662431955
H8494,0.19372704234597438
H8526,0.29348604102813447
H8534,0.4622743190400286
H8535,0.39403199822978313
H8536,0.27930738682066186
H8537,0.38749004474763216
H8538,0.506823507814496
H8539,0.5011847912732648
H8540,0.29611195846831717
H8544,0.3125465007428382
H8545,0.23311814268752568
H8546,0.2935892505649005
H8547,0.3046980761544308
H8548,0.24657258483908126
H8550,0.25965140988615526
H8551,0.3328313735069376
H8552,0.3806319779185365
H8553,0.4315711644229704
H8557,0.33910120236316665
H8562,0.5555779112551302
H8564,0.27830264424649986
H8565,0.23574406012770843
H8567,0.29142072534426655
H8569,0.3055440211504137
H8571,0.38560182040515556
H8572,0.36221896354158284
H8573,0.3237264025558797
H8576,1.112745811762881
H8577,1.1071070952216497
H8578,0.1481651918625459
H859,0.2793489540275299
H8603,0.25816813038030106
H8641,0.4043259190660704
H9799,0.2561758128511658
H9902,0.25482852520738014
H8312,0.17707867092976187
H8477,0.3548073733776902
H9437,0.24958695722687363
H10638,0.25895619377111434
H10963,0.23745186457821943
H10964,0.25438203761892686
H11375,0.273507468323759
H12174,0.26267894361238614
H12176,0.2522339293159368
H12199,0.2826541877661874
H8474,0.2852629116689924
H8475,0.2744016879795365
H8855,0.22402969686376326
H8877,0.6512484998543282
H968,0.9421487249675704
H969,0.6209843964457031
H970,0.6048995252457132
H12034,0.24007387158571136
H1056,0.14791814041696738
H11679,0.21543051954289
H11680,0.17181183444861112
H10118,0.4501203449582598
H10983,0.27187466175616853
H11275,0.22255266506743096
H11562,0.19843583167892767
H11651,0.30077796936208856
H12006,0.2767754872197698
H7504,0.23291232144921148
H7505,0.22768981430098678
H7540,0.8089636453039213
H7560,0.4725407627847318
H7561,0.35462255022135114
H8163,0.22936621642207797
H8166,0.20243017255710574
H8486,0.3090099043654195
H8487,0.3037873972171948
H8488,0.2985648900689701
H8492,0.2583695913049357
H8493,0.2374795627120369
H8496,0.26171293776144283
H8497,0.1744755677252177
H8499,0.14565135228734957
H8501,0.4379066985252471
H8502,0.5473291946810646
H8504,0.2159343330756445
H8505,0.25523668770835906
H8506,0.3927166573977183
H8507,0.38749415024949363
H8511,0.39341372154897847
H8513,0.26377825344531075
H8514,0.30302037638734786
H8517,0.30131713669670446
H8518,0.29087212240025506
H8519,0.28413363676809317
H8522,0.22453613050327365
H8523,0.21931362335504895
H8532,0.2770874031681046
H8559,0.34192613827559604
H8561,0.28126269743997
H8600,0.22667532799176685
H8601,0.21623031369531745
H8602,0.28651725032999337
H8692,0.3082428835355725
H8703,0.2907072679756412
H8704,0.269401029989736
H9159,0.23783856816125742
H9160,0.24362167706579693
H9161,0.23839916991757223
H9961,0.48269214293984264
H10341,0.3632130887211948
H10342,0.3575743721799636
H11313,0.47014680743277426
H11898,0.2675597830836514
H12565,0.23340300523441812
H8164,0.21717488203342925
H8165,0.21195237488520455
H8491,0.23182440950223973
H8495,0.29180879742792504
H8515,0.3583904644491313
H8516,0.35316795730090667
H8531,0.199845194164927
H8541,0.2544255710962237
H8691,0.09503490881393487
H997,0.2672389330476486
H11254,0.2464088608106138
H12166,0.23148383223685504
H8776,0.22419309432569368
H11159,0.07518744434753258
H10064,0.7105806733396403
H10942,0.9384216965006568
H10944,0.917531667907758
H11381,0.33866195960765944
H8542,0.23690234620932837
H11339,0.5060676575447928
H10019,0.5975682453618046
H10283,0.24439490629909463
H10101,0.20820103996227382
H10700,0.6844417108151373
H10744,0.27107982336314573
H10768,0.22976365548710684
H10850,0.2280818502181624
H10851,0.21241432877348831
H10981,0.5125872415479313
H11073,0.26648255228264994
H11361,0.2806509157838863
H11549,1.0632516696848988
H11688,0.20624770945402535
H11689,0.2165156324090834
H11767,0.24714230993286615
H11768,0.21708185698424015
H11937,0.22802893458044848
H12177,0.20779398803049673
H12425,0.2602841340505573
H12426,0.2550616269023326
H7541,0.26665717244355236
H7548,0.2515387466520462
H7757,0.4828874038156606
H7764,0.4512722416125181
H7765,0.4456335250712869
H7784,0.23947970593598394
H7785,0.23425719878775925
H7803,0.23148702540496957
H7924,0.2597280206600551
H8763,0.24154431953432226
H8764,0.23632181238609756
H8811,0.260085608287467
H8812,0.2548631011392423
H8813,0.24922438459801113
H8816,0.5130949276665323
H8817,0.5026499133700829
H8818,0.4970111968288517
H8821,0.23693621570810816
H8822,0.37482398368017106
H8827,0.4652163931393294
H8834,0.33887177331384977
H8836,0.22185927542859127
H8837,0.5125370541277847
H8839,0.6783850261625122
H8840,0.24416220980990072
H8841,0.23893970266167602
H8842,0.23371719551345133
H8843,0.1057128977773965
H8848,0.3113222562117986
H8849,0.3507684020576861
H8850,0.48129675273106776
H8851,0.36130306165232895
H8854,0.2625512485263141
H8857,0.24862920223142543
H8859,0.7699579480173027
H8862,0.26070498294666505
H8863,0.14254621449898314
H8864,0.23256666426868092
H8866,0.21637513145982967
H8868,0.24002266762766797
H8871,0.1598424417324355
H8872,0.27779831518878967
H8873,0.27257580804056497
H8874,0.22492465875380563
H8875,0.26900577842914397
H8879,0.28324820757745783
H8880,0.3667025033856804
H8881,0.2458000129069626
H8882,0.40663810408953277
H8883,0.28088110660544374
H8884,0.25853932971099564
H8885,0.24809431541454627
H8886,0.27008227503302695
H8889,0.35252094459333827
H8890,0.34729843744511363
H8891,0.34207593029688893
H8892,0.27840385071664236
H8893,0.24129077978122296
H8895,0.36530248307295304
H8896,0.5790767401797225
H8897,0.5358754049930922
H8898,0.2748776013437363
H8899,0.24534524205283037
H8900,0.20775242338157845
H8901,0.39150931753634566
H8902,0.38628681038812096
H8903,0.38106430323989626
H8904,0.30079088050813896
H8911,0.49401350178491715
H8912,0.35001273221663487
H8913,0.2171461067106343
H8914,0.25717708137090134
H8916,0.2707909770773067
H8918,0.25357473460377333
H8920,0.22150494289662356
H8921,0.22472120151478345
H8925,0.278845636896794
H8926,0.2732069203555628
H8927,0.35085363485110704
H8928,0.9539568976050278
H8930,0.6981160776519395
H8935,0.32455494411783326
H8936,0.2517008242236469
H8937,0.702713012053721
H8938,0.5601824340355949
H8939,0.9408892919706763
H8940,0.9304442776742269
H8942,0.22738572176937452
H8946,0.34623325010349837
H8947,0.22372975727900293
H9208,0.2731321689125586
H950,1.044804911206676
H951,0.4818652477978244
H9513,0.530982610919743
H9515,0.5096763729338377
H11569,0.20769757263139582
H12453,0.26321210432551395
H12454,0.13028057083198447
H10406,0.658541289558999
H10766,0.22994734921432247
H10789,0.21034992542336742
H10985,0.10474938717310409
H11013,0.25999796024671057
H11014,0.25477545309848587
H11036,0.22869777888818457
H11206,0.377810738053559
H11667,0.3323962538753834
H11712,0.24635837980777242
H11913,0.2494271939407907
H12103,0.3477346794850944
H12114,0.12454964247519794
H12160,0.21729580248945485
H12161,0.21207329534123015
H12162,0.06662126903589319
H12212,0.2920580142685363
H12491,0.24952988523447936
H748,0.31381258081071495
H76,0.33816942357249546
H7689,0.2314714599376179
H8302,0.3758567630726011
H8304,0.21805194813796078
H8305,0.13381923508536994
H8306,0.2489284209147759
H8307,0.22307891139399433
H8313,0.3658029940175326
H8318,0.21164822027738842
H8365,0.22292278621951436
H8366,0.21770027907128967
H8367,0.20516851599826114
H8462,0.2204407570370341
H8465,0.38189406285570104
H8594,0.223986998484869
H8596,0.23537058538400202
H8727,0.17704308749989295
H8728,0.341884919083817
H8729,0.27601421271682614
H8731,0.2299854372774375
H8733,0.32142295497832624
H8735,0.23613760621384894
H8737,0.23158401572281523
H8741,0.1930752543483438
H8746,0.12372413820834635
H8747,0.4097648809590443
H8748,0.19784970509427394
H8749,0.23088577133348348
H8750,0.24869508555530082
H8752,0.3496364823920659
H8754,0.24617237765188416
H8756,0.4532202463235764
H8757,0.37749185985994166
H8758,0.372269352711717
H8759,0.23497816415458164
H8760,0.2525071774982416
H8761,0.24724721954590712
H8762,0.2395342974518361
H8767,0.2757305405927265
H8773,0.34435572441553863
H8774,0.33913321726731394
H8775,0.25405542799422415
H8777,0.22250607272090203
H8780,0.26807408469479965
H8782,0.23283896666608844
H8783,0.22761645951786375
H8784,0.21717144522141438
H8786,0.23522282177475143
H8828,0.38770079871740315
H9140,0.25783987271163356
H9141,0.25250293661392037
H9142,0.2631622632943437
H9143,0.257939756146119
H9145,0.23707747750076602
H9147,0.5028027099939887
H9148,0.4923576956975393
H9149,0.2398804862823401
H9151,0.2503726499399241
H9152,0.25351201977528703
H9153,0.2815421075910278
H9154,0.26360285138895373
H9155,0.2792997005657686
H9206,0.24976320174177719
H9207,0.37404139738297243
H9436,0.3637369506503847
H9439,0.32677375851113655
H9440,0.31632874421468715
H9441,0.143793743962227
H9442,0.20912963795793277
H9443,0.13866199718916045
H9444,0.23315135280683896
H9445,0.14746344476330306
H9447,0.16723819123450281
H9740,0.23667760948815686
H9851,0.38061603208306183
H9948,0.2377988130007865
H11990,0.2707271456016849
H10991,0.8761813260013752
H10992,0.85487508801547
H11052,0.07088032402207636
H11830,0.47254806145470785
H7616,0.30551806580503355
H7905,0.2426848635645347
H8814,0.23607732982662166
H8823,0.29914502741203847
H8824,0.19167182914510714
H8825,0.22027727111304077
H8831,0.3571021068616401
H8835,0.209450732948694
H8838,0.258414994667387
H8852,0.4940157826192847
H8860,0.8263853956529511
H8908,0.34815053286749487
H8910,0.3324830114228208
H8923,0.2469632655974038
H8931,0.2684474575071967
H8932,0.263224950358972
H949,0.7474572344329415
H8455,0.3034120978059944
H8456,0.29255087411653846
H8457,0.15280203354691266
H8458,0.33530696300258106
H8579,0.5072651741979286
H8580,0.3632156096728406
H8581,0.3527705953763912
H8582,0.3475480882281665
H8586,0.3502966824297803
H8587,0.3450741752815556
H8590,0.2807036428294696
H8592,0.39507985194483713
H8593,0.307842481908612
H8595,0.5704146468984126
H8751,0.2989188291078524
H9981,0.4729923315775875
H9982,0.34444735813024013
H8809,0.4445816270367611
H8810,0.4393591198885364
H8521,0.3472033873707027
H8725,0.24751023970139124
H8726,0.22662021110849248
H8844,0.25604371407421217
H8845,0.2399599832365316
H8887,0.2141016080449148
H9259,0.2580695110225866
H8710,0.22528140036000158
H11551,1.2082120301395083
H12448,0.31485156680293114
H12449,0.30962905965470644
H7480,0.4978285268237694
H7482,0.48738351252732
H8527,0.26939567518029645
H8528,0.3245195539948454
H8529,0.4203746389703732
H10166,0.25461702844396256
H12328,0.3683320034139581
H749,0.2302158371354329
H8489,0.35457546499376713
H10982,0.226407343619194
H11284,0.20889316248096162
H12501,0.23732024431136484
H7871,0.23295747335358047
H8310,0.19438943042243045
H8314,0.23613587372620207
H8460,0.2439709827167865
H8461,0.2335259684203371
H8463,0.22174543822728413
H8464,0.21652293107905943
H8466,0.2590628192016287
H8468,0.24107414574582
H8471,0.25162551183886384
H8472,0.2464030046906391
H8476,0.22959386281569155
H8478,0.2589009449179168
H8480,0.23801091632501803
H8482,0.26296993139780483
H8483,0.25774742424958014
H8484,0.24688620056012425
H8485,0.2692720774097409
H8739,0.2676933478234001
H8743,0.13880562806869595
H9928,0.23714892038559743
H9929,0.23192641323737273
H8510,0.25931397232545556
H8738,0.30439087865961884
H11464,0.24998840150286275
H11465,0.22549010475190528
H8618,0.14133691981006868
H12170,0.10802307035665239
H12171,-0.04412137598209587
H12384,0.1327218647902113
H8054,0.12275206434230448
H11385,0.42856425280505817
H12452,0.11982236171366202
H11415,0.0497824891390351
H11639,0.16629086830333262
H12376,0.04135443655222357
H937,0.20330622608151716
H938,0.19808371893329246
H12108,0.22588984394800937
H11211,0.1243180529640112
H986,0.15739722907784226
H7653,0.19015267752298362
H12236,0.1376214230208783
H10028,0.22197367546576094
H10029,0.21111245177630505
H10079,0.33613001468045123
H10107,0.16349400146762874
H10155,0.2240096634174881
H10550,0.24121122652185603
H10551,0.23598871937363133
H1119,0.09820266490432333
H1136,0.18197321095572094
H11634,0.21010824210211865
H12228,0.11870195277441117
H12282,0.1631319254744042
H7512,0.207090081697887
H7581,0.16366319949857824
H9704,0.36169096460581823
H9785,0.2630224314776597
H9921,0.19674659643159426
H9922,0.20196910357981893
H9924,0.16833299820093
H9936,0.33949362521834014
H9984,0.3090629909257716
H9987,0.15750447348955712
H9988,0.16234347022285833
H10530,0.10659071299422015
H10001,0.1224452674953491
H10131,0.15820809539097497
H10715,0.12397065954654497
H11118,0.14843071775086475
H11119,0.14320821060264008
H11773,0.11944295680060005
H11927,0.11944428084710819
H7546,0.1599816038408451
H7881,0.14763992517299243
H8949,0.15030919533915238
H11370,0.01693683101037871
H90,0.3261302119958347
H9027,0.10870626726847243
H10517,0.1874272295903769
H12546,0.12921089279307585
H12547,0.01671822720113364
H11655,0.11600147190410261
H12173,0.12080277878210063
H10096,0.11889103658747707
H10097,0.06859475540814491
H10098,0.12937215909771
H12402,0.11578519751179535
H9956,0.14134743033640557
H9035,0.6608090408911891
H9382,-0.053120137196626616
H9384,-0.06356515149307601
H10441,0.16151688131968683
H8412,0.22957495204036052
H10016,0.15761094682135043
H10092,0.13362805438609104
H10260,0.1582419469350701
H10261,0.1530194397868454
H10657,0.38556944256794834
H11129,0.10900101157126815
H11565,0.1629977358679435
H11566,0.14733021442326943
H11607,0.10795737975757266
H12439,0.9965730934106235
H7479,0.2044642461594876
H7630,0.2081606049584603
H79,0.1365939257021466
H8400,0.17982859800041096
H8401,0.4013526971565905
H9554,0.1994496594714295
H9687,0.12247012751490839
H10521,0.1501171610825992
H11740,0.14025463913103706
H9969,0.34857063898491747
H11793,0.17222163232463256
H7853,0.12388811051324554
H7499,0.11878828646708073
H10063,0.2561440662415259
H10146,0.10047470526709054
H11673,0.17031151820003498
H10402,0.24468450355965277
H10403,0.22860077272197216
H11948,0.21370844312629644
H10010,0.18330218995125572
H10089,0.20758515681418413
H10099,0.21841368152555699
H10105,0.17307583164511595
H10125,0.22794054013696657
H10137,0.1650826328710242
H10138,0.1598601257227995
H10139,0.008131888777057755
H10185,0.17489316360653348
H10343,0.22100970300223177
H10666,0.1775190810467162
H10679,0.16070102835727174
H10680,0.1632976180653137
H10890,0.1804912878592398
H10891,0.1752687807110151
H11190,0.16685975436629286
H11390,0.08560767142381817
H11401,0.15809654533878792
H11402,0.1524578287975567
H11772,0.13157117145060024
H11787,0.14729790026015777
H12113,-0.007056075465431494
H12143,0.17817656597547027
H12184,0.15845072802157062
H12346,0.20982839977913542
H12420,0.1618143385594595
H12466,0.17116323619109883
H12601,0.16227173077900825
H7660,0.15845072802157062
H7661,0.15322822087334592
H7865,0.09245984108161454
H8414,0.06905445335961796
H9170,0.21621422639161753
H9212,0.25168799209139975
H9219,0.15977410972341116
H9220,0.14932909542696177
H9563,0.16907735572391094
H9587,0.16312052672392235
H9602,0.47068447186722406
H9609,0.21280766396240883
H9610,0.20758515681418413
H9635,0.1726507565812742
H9636,0.16178953289181833
H9735,0.17020276642217486
H9736,0.16498025927395016
H9737,0.15453524497750076
H9745,0.17399074993837588
H9798,0.09795167883986511
H9830,0.16554002509057297
H9834,0.26799545574340317
H9835,0.25755044144695377
H10121,0.1599344636942983
H10506,0.17068910660104586
H10565,0.20103491501530402
H10566,0.19581240786707932
H10627,0.16441927774481685
H10728,0.16782529152265047
H10729,0.16619639924008547
H10819,0.15749816120270893
H10862,0.1544733541709969
H10918,0.16608427888882252
H11029,0.1633844796440145
H11030,0.15293946534756514
H11153,0.1557513849436361
H11155,0.17925842016222068
H11156,0.174035913013996
H11158,0.15836839156932192
H11476,0.13115541822446725
H11713,0.11882217958554128
H9542,0.16235396206094893
H9543,0.14146393346805014
H9604,0.17705443552605135
H9617,0.16610108301376128
H9637,0.23000968323365029
H9645,0.16722228652639093
H11203,0.16578942040774802
H11204,0.043077320865012175
H11398,0.16815896155406085
H11831,0.18908634504370464
H11832,0.17822512135424873
H12231,0.027134101405095756
H7697,0.13782595777944448
H8407,0.1491896583017979
H8416,0.14685609481409784
H9213,0.2146925597543112
H9567,0.5435636125218972
H9691,0.22573174442353736
H9771,0.2571351443876943
H10015,0.18074261200182187
H10025,0.17955643749906386
H10080,0.21280903246302935
H10081,0.20758652531480465
H10200,0.2072030148998812
H10202,0.1967580006034318
H10216,0.08085661109112771
H10308,0.168727912787691
H10327,0.1931879709920108
H10447,0.17489453210715397
H10616,0.17282921642328608
H10617,0.16238420212683669
H10641,0.19003077952765401
H10670,0.1644495178107046
H11304,0.16966413164848745
H11305,0.15921911735203806
H11400,0.14520407344416766
H12062,0.17488663879671215
H12081,0.1650688777533154
H12180,0.17369173732190946
H12513,0.14874477532344793
H7525,0.12488688352436123
H7637,0.1524625685441195
H9169,0.09258216700885263
H9194,0.22648708722549474
H9215,0.1593919678091082
H9216,0.1541694606608835
H9217,0.14372444636443413
H9496,0.27997588020016695
H9544,0.3084948414514715
H9545,0.2980498271550221
H9546,0.2832677624173048
H9553,0.23561661313054544
H9557,0.21280903246302935
H9566,0.2044000061183071
H9582,0.15229337051317
H9588,0.25281817623491337
H9589,0.24759566908668867
H9591,0.2232833744916195
H9599,0.41296547773156966
H9600,0.4025204634351203
H9601,0.39207544913867093
H9603,0.18500318534981447
H9605,0.24160614110861706
H9606,0.12244714969284257
H9614,0.24759566908668867
H9638,0.1926239979897537
H9650,0.12392300016272031
H9651,0.14987387214651937
H9661,0.2004724225781611
H9675,0.16515788317627
H9685,0.17731403047380462
H9686,0.16164650902913053
H9741,0.18758195342886264
H9806,0.23561661313054544
H9808,0.2636467009462862
H9810,0.521139998436178
H9826,0.17471744076576262
H9919,0.1830971393783441
H9980,0.17853844352320028
H9998,0.2755930579243464
H10000,0.17843569015330774
H10059,0.21561249741147692
H10104,0.22797506378254362
H10111,0.17114786732121515
H10112,0.16070285302476575
H10135,0.16928897071087934
H10136,0.16406646356265464
H10141,0.17170846907752996
H10142,0.16592536017299045
H10143,0.16070285302476575
H10175,0.1529104886119898
H10284,0.14979089232613846
H10383,0.15789984424319167
H10582,0.17230744323464484
H10719,0.20572384398702115
H10976,0.1745744769297212
H10977,0.1693519697814965
H11066,0.008250641423922372
H11084,0.17341689921951559
H1127,0.24940787250276342
H1128,0.17973411886149113
H1129,0.16928910456504176
H1139,0.15096704003357378
H11482,0.22246436244571968
H11545,0.19695274164907436
H11546,0.1272440614884467
H11725,0.11665554561441081
H11788,0.13613169197323804
H11789,0.1252704682837822
H11790,0.16087205105571525
H11791,0.12183390966424595
H12059,0.17937190901410416
H12371,0.13042246487332387
H12388,0.2154525996074633
H12583,0.16964398933335406
H12584,0.14833775134744878
H7558,0.1552660334925671
H8406,1.142600943054974
H9210,0.17866803201435144
H9573,0.18477940081416205
H9574,0.17955689366593736
H9575,0.16911187936948796
H9576,0.1634731628282568
H9679,0.20198096391853
H9680,0.19675845677030532
H9716,0.18033698735225384
H9917,0.015414375826678844
H9930,0.16273884097649288
H9958,0.21000647984832876
H9959,0.20478397270010407
H10052,0.19973901306014424
H10126,0.20758743764855164
H10127,0.20236493050032697
H10128,0.19714242335210228
H10129,0.19191991620387758
H10130,0.17955734983281085
H10132,0.17693143239262815
H10133,0.18578894014240221
H10134,0.17534392584595285
H10317,0.1907693849591072
H10347,0.1715318339030121
H10361,0.1792986672188046
H10409,0.17135474256162075
H10449,0.3084957537852185
H10515,0.25814564119334316
H10635,0.18722868307982693
H10636,0.18200617593160223
H10661,0.15520941197975405
H10667,0.18128071975067359
H11022,0.12800342267354675
H1125,0.1942070111557838
H1126,0.1251299908349067
H11351,0.18977749533511823
H11397,0.04447368302650298
H1141,0.16911233553636149
H1152,0.2230746303600545
H11719,0.13118994187004426
H11729,0.16397259193940075
H11980,0.17581106481969053
H12086,0.13844843696999612
H12134,0.16087250722258875
H12183,0.1408794414397937
H12332,0.1405993244040885
H12380,0.15641702090421097
H12418,0.2673868409224037
H12522,0.1612560176375122
H7553,0.1270886382344492
H7580,0.23879450575467698
H7664,0.45391039851522785
H7729,0.1756326932894433
H7837,0.1457362598020887
H8415,0.12883920499037207
H8420,0.18642668825211522
H9202,0.1681854169025009
H9519,0.1687827605412962
H9547,0.14708484855516182
H9548,0.13141732711048776
H9556,0.16760762160880838
H9579,0.18197684819946147
H9612,0.4034145419438137
H9626,0.18852697793384793
H9646,0.18646166224998
H9673,0.2097360164844185
H9689,0.15751678999514168
H9693,0.15786760143198214
H9699,0.15229428284691698
H9722,0.17955734983281085
H9723,0.17433484268458618
H9734,0.1739513322696627
H9743,0.18029504293051704
H9744,0.15898880494461176
H9777,0.16872882512143803
H9783,0.18758286576260963
H9784,0.17191534431793556
H9800,0.18572396915227385
H9941,0.19599189210733187
H9963,0.21879947277484796
H9974,0.1526777932618405
H10374,0.1761941954617955
H10375,0.1657491811653461
H10412,0.15937614277235101
H10643,0.18478031314790905
H10644,0.1634740751620038
H11123,0.03673396665557846
H11144,0.0539748328223881
H1122,0.15922048585265858
H11382,0.16457293498114003
H11484,0.15226204003570748
H11803,0.12198613434079822
H11933,0.14836263340914496
H12164,0.1621963450913028
H12285,0.14966092826316593
H12427,0.1890357723165621
H9167,0.16538286428780036
H9168,0.16016035713957566
H9657,0.1990026120690036
H9658,0.1937801049207789
H10002,0.1535118987620701
H10003,0.14306688446562071
H10030,0.1959928044410789
H10082,0.20930761287000257
H10119,0.15489178488870597
H10120,0.14966927774048128
H10123,0.2932915792553509
H10213,0.22881733491763637
H10398,0.19648456675427908
H10443,0.20572945337196286
H10576,0.19115380770777765
H10772,0.19011476872265412
H11163,0.024795175174236572
H11431,0.19469040255689912
H11647,0.14969071216218022
H7690,0.7338002069201549
H7691,0.7285776997719302
H7709,0.20481804446987897
H7710,0.19959553732165428
H7809,0.17955826216655787
H8393,0.13080734378886782
H8394,0.12558483664064313
H9057,0.17516824609928616
H9058,0.1538620081133809
H9595,0.30362497040758124
H9616,0.2969011205777457
H9639,0.28365309749972223
H9720,0.17359806192062702
H9839,0.17395224460340972
H9840,0.16350723030696032
H9842,0.2688710327620049
H9843,0.2584260184655556
H10054,0.15295175317262877
H10055,0.14772924602440407
H10591,0.3159929022166853
H10615,0.6624105506159368
H10903,0.1330425948507371
H11727,0.1412528142521907
H8421,0.547782141897829
H8422,0.416102657670247
H8643,0.11434055870313728
H9209,0.18462132767764244
H9719,0.18366002196902642
H9732,0.14272539486648902
H9796,0.6185199784032861
H10436,0.2195683182721889
H10437,0.2139296017309577
H10597,0.18966009098932557
H10598,0.271674953877326
H10654,0.17472017776700366
H10655,0.16908146122577244
H11252,0.2729946831530459
H11287,0.15527161872064582
H1130,0.17020687192403638
H1131,0.1545393504793623
H12607,0.20368648444354087
H7542,0.16296473442177023
H7545,0.08598896385215582
H7641,0.1388337720524136
H9198,0.13812116580252698
H9568,0.4269909681086707
H9674,0.23564650796449224
H9678,0.4507311548442781
H11174,0.3542934400623423
H1133,0.17303966460462472
H7816,0.07712849490928689
H9634,0.24811770525542634
H12300,0.3813665600467634
H7775,0.13528767387959537
H9063,0.16566987072709868
H9200,0.15659260836252215
H9201,0.14614759406607275
H9607,0.21918572019101246
H10180,0.1786007889682804
H10181,0.16251705813059983
H10255,0.2031351444982884
H11341,0.15789560026773786
H10475,0.17360079892186803
H1142,0.19505156312524405
H1143,0.18460654882879465
H11707,0.4327680083702624
H11708,0.4114617703843571
H9682,0.2728403826460599
H9683,0.2623953683496106
H9996,0.22030359515306788
H10056,0.05439994417581928
H10256,0.18478396248289708
H10257,0.17956145533467238
H10399,0.608723718057815
H10400,0.5982787037613656
H11302,0.09689769691844122
H11362,0.17107083771733525
H11696,0.4683914332881146
H8403,0.14517976354763543
H8411,0.14444207044992927
H8413,0.12316853144210703
H11581,0.10744014432569662
H9037,0.12424872486346265
H9199,0.20611328457130015
H12428,0.2067223395926401
H104,0.22977915800813417
H105,0.2193341437116848
H809,0.1911592817102597
H11227,0.036970175602882654
H1259,0.1718043034921874
H800,0.2209136517776102
H11782,0.1414295114481683
H1005,0.008353323094395848
H1253,0.1387609496645834
H7571,0.13441912589945484
H7566,0.16368463934163285
H7884,0.14578740395535056
H11101,-0.022142025727588305
H10859,0.1004415143756269
H1074,0.16246727789584475
H10764,0.08933971384578354
H12234,0.20267494743081907
H12296,0.2381609934618852
H11701,0.05209528280183717
H11757,0.21318706939087978
H12019,0.6849589840038613
H11369,0.09626086717989388
H7483,0.10344302458207436
H7484,0.09822051743384966
H10178,0.11723421425145017
H10584,0.05993763938771074
H11745,0.05839657402487208
H10245,0.1937885742687013
H11363,0.4678066631220579
H11918,0.10276018222157852
H7655,0.1283785114907432
H11070,0.09918611168032801
H11071,-0.05065372226260201
H11625,0.12161045425734192
H11511,0.12774385840520197
H9920,0.18097228754400463
H1214,0.07924759850007054
H11169,0.11769679588076608
H11915,0.12640293052757606
H816,0.10813521215923572
H817,0.09246769071456165
H860,0.12513971759436116
H12111,0.0735046497522748
H12141,0.19590229095166642
H12148,0.12482588713847041
H12151,0.07900791394553044
H12152,0.06292418310784986
H12155,0.09750777190391938
H12156,0.07988705512664035
H7771,0.13318544994675174
H7772,0.12796294279852705
H7773,0.11751792850207768
H10522,0.4878598293258903
H10608,0.19570356162749736
H10624,0.29603678048113613
H10625,0.2138155232877638
H10649,0.19432892353436343
H109,0.4109690513401703
H11006,0.21873640050159443
H11299,0.1936303526331876
H11308,0.16330179761655605
H11309,0.1528567833201067
H7681,0.20834186166856022
H7682,0.20311935452033553
H7683,0.19748063797910434
H795,0.14106821147127035
H9729,0.17899653559424664
H9838,0.16765141129844155
H11643,0.1774199711865918
H11177,0.13688892037190414
H11652,0.3008510364833852
H7854,0.17283598247425605
H7855,0.16239096817780663
H11711,0.1470806251801104
H7932,0.1440754382093254
H8167,0.16877124321931805
H8168,0.12336250095781798
H888,0.17771519601433497
H889,0.1724926888661103
H11521,0.4038409266234907
H11522,0.39297970293403484
H792,0.17358971786466737
H793,0.16836721071644267
H10805,0.1558910082414753
H10791,0.17108954055914885
H10841,0.20294090345674856
H11716,0.21805560439105598
H11186,0.2718676169138762
H11187,0.2614226026174268
H11188,0.2509775883209774
H11189,0.25953437827495024
H11653,0.24123304607965157
H11823,0.21712379931217224
H11824,0.3253793697025054
H7786,0.17587610422737482
H8620,-0.004801529762029244
H10012,0.19856085128606885
H10337,0.1527529017364248
H10671,0.16970980722062293
H10672,0.16448730007239826
H9786,0.1739436481251248
H9790,0.2582726478015863
H9960,0.3814873291273665
H10579,0.3151864191511911
H10580,0.30474140485474177
H10395,0.18729579307366134
H10396,0.17643456938420546
H11744,0.21847214732493392
H0,0.0590742514427931
H11854,0.4058347841887364
H7588,0.2789652545003753
H7589,0.16654892261773918
H7607,0.16604130458614996
H8621,0.1655432325066202
H8622,0.15503062320329147
H8624,0.20437885387382934
H89,0.12806506557195904
H1229,0.5183365728247469
H770,0.19426045250497048
H771,0.18381543820852111
H773,0.1598967636718896
H780,0.1280571817193481
H819,0.2756374398237713
H821,0.1491744117102381
H822,0.13309068087255754
H826,0.10995883850828408
H878,0.18005049562671493
H760,0.19470047926239895
H919,0.20159633703194468
H920,0.19637382988371999
H759,0.12401961976836189
H1047,0.17000870912735508
H11318,0.38356252330580065
H11319,0.3731175090093513
H11353,0.15740210850525743
H11355,0.14173458706058337
H10249,0.17567350722002473
H9759,0.21456296556141674
H9760,0.20934045841319204
H1244,0.18519360826377262
H11314,0.47981177178407053
H12003,0.34300310791070004
H8129,0.15365050547251713
H11449,0.133095897640648
H11518,0.1381732246197589
H11519,0.1329507174715342
H11059,0.22770312509800358
H10730,0.0947415701979811
H10939,0.19179421573633
H11291,0.3090052887386309
H11292,0.2985602744421816
H12360,0.11819889279970466
H12424,0.13606725662071972
H7576,0.4287429380659718
H7577,0.41829792376952246
H7614,0.1272602243343608
H7615,0.12203771718613612
H7791,0.18768418285060104
H1001,0.2014595925133364
H10957,0.24607458150149883
H11368,0.24341089604755517
H11978,0.15769192681155453
H12532,0.2569444925964185
H12537,0.14900311783175224
H7604,0.15345509648348638
H8130,0.1681991042389291
H8132,0.14521443223002162
H8992,0.19443181319414482
H9647,0.17640960482056106
H11329,0.23084449152560316
H11229,0.2359845075181904
H10220,0.17921398210275563
H12568,0.15754031239752342
H12569,0.13665028380462463
H12053,0.3971040215614422
H12072,0.1608814289279492
H8628,0.12320593712573424
H11268,0.3923670075768775
H11269,0.3871445004286528
H11473,0.2650466818126873
H8126,0.2067513100077134
H8128,0.18586128141481467
H11317,0.63013638505555
H11331,0.16116730095877108
H12409,0.5732599267347807
H7675,0.17728800720032056
H12107,0.4267237482973249
H7665,0.3025953193643747
H10231,0.23604665256656618
H7844,0.26363786693753855
H10703,0.37973192537665457
H11145,0.03212026445074648
H11234,0.1712120460465636
H11598,0.35075983276196177
H11814,0.6775955506889828
H11859,0.1474224524789305
H12186,0.29919955734609016
H12187,0.29397705019786546
H12188,0.2810279373695211
H12189,0.2733150152754501
H12232,0.37830046516211063
H12329,0.2855769346676401
H12330,0.2803544275194154
H12331,0.2751319203711907
H12549,0.2430272613633456
H12550,0.2378047542151209
H12551,0.23258224706689623
H12594,0.1611815154928496
H7594,0.1432112859629636
H7595,0.1379887788147389
H7622,0.5050347006358966
H7623,0.7926331001824221
H7624,0.6862785361032142
H7625,0.8444408255378799
H768,0.13043154933241588
H8158,0.2015463696178637
H8159,0.196323862469639
H8160,0.1911013553214143
H8161,0.1917234681114145
H8162,0.1865009609631898
H8629,0.1353178781302593
H8965,0.18017122113111753
H8966,0.14633346226094884
H921,0.15228656890850528
H926,0.17476445500223656
H11645,0.24133778918930565
H11646,0.23362486709523464
H11923,0.2456901993510589
H11500,0.12030343876929483
H11501,0.11508093162107014
H10808,0.25106649126899744
H10811,0.1523603538974349
H10813,0.2664173664919969
H10814,0.18377989990561805
H10817,0.2399393246683514
H10818,0.22093300205901317
H10840,0.24134787666361826
H10842,0.22880714158685625
H10843,0.19990152538271067
H10844,0.23553206878099572
H10845,0.2387476143026223
H10847,0.19878923268457796
H10848,0.18882445953453253
H10849,0.23740212123822152
H11279,0.1868144176127559
H11737,0.05304956639078287
H11742,0.0801330531120728
H12082,0.2008252206363051
H12447,0.1974294767851614
H7831,0.19151788765358405
H8390,0.14176241859582378
H8391,0.13131740429937439
H9203,0.07256873815394768
H9225,0.19481787102923967
H9484,0.13780029486194992
H7912,0.2790574670813851
H7913,0.2577512290954799
H814,0.22371503258576184
H815,0.20763130174808125
H11815,0.35852644968801084
H11346,0.18212061731159912
H7744,0.14312690969970543
H10988,0.14151730499224996
H1173,0.10394887379708462
H7648,0.15949023253280048
H9592,0.16205094764400146
H9593,0.15682844049577677
H9594,0.3690681089716742
H9853,0.07586587606226472
H11075,0.24283901816486897
H9906,0.22095881229808695
H10251,0.16577231262365813
H10273,0.16633291437997294
H11199,0.01759608688123354
H1163,0.6363146944308238
H1164,0.6302597683442535
H1172,0.19232701424398657
H12394,0.16765264365569282
H8633,-0.002618818593111749
H8634,-0.023508847186010484
H10408,0.12780345522192865
H11296,0.20068239498806234
H12015,0.20279931982856805
H10039,0.3328342966126593
H10539,0.2072586672584485
H10693,0.1614958761683281
H10870,0.8738860654018786
H10871,0.8686635582536539
H11613,0.09676255356385655
H8145,0.2002505770731461
H11445,0.2181641252299702
H11446,0.212525408688739
H10373,0.15787436149601758
H11454,0.11913101157999527
H11295,0.16370278153464585
H10051,0.18789908286278464
H8156,0.026920336928293875
H9193,0.28708116364022584
H1165,0.21535735640367382
H1169,0.21013484925544912
H1170,0.20491234210722442
H12555,0.027878850367049984
H10683,0.14536091034125914
H11839,0.38821789456115313
H11130,0.5413789914375555
H11131,0.40844745794402604
H9797,0.17534958113241028
H8025,0.14568915205412952
H7666,0.20083507677693377
H10760,0.2602604319419768
H11784,0.2568615491299963
H11785,0.2516390419817716
H11786,0.24119402768532225
H75,0.156093331332
H8429,0.08464320577738982
H9463,0.16499223631462756
H9465,0.17793670500954556
H12445,0.09365106997677095
H8430,0.12719954560409666
H8431,0.010962002475532973
H9462,0.082298957715985
H10442,0.2213004345455911
H10749,0.11826071890612891
H10750,0.08173697980455177
H11987,0.1481161207042298
H8010,0.24135104296386864
H8012,0.10075758005429214
H8013,0.10985696743217833
H8014,0.09941195313572895
H8015,0.09377323659449777
H8016,0.1789817824254653
H8017,0.16812055873600942
H8019,0.12235311172722707
H8021,0.2012287613366666
H8023,0.12869331472143775
H8024,0.18201794272406224
H8028,0.19057732796668508
H8029,0.1849386114254539
H8030,0.1273994632365326
H8031,0.14289685094778498
H8032,0.12722932950311092
H8033,0.17709158616347753
H9624,0.13641774744862
H953,0.2205004398981116
H954,0.2152779327498869
H956,0.5846667794630344
H957,0.4052593852368658
H958,0.17716536279779477
H959,0.17152664625656358
H960,0.16163434040598718
H961,0.145722206484805
H962,0.1404996993365803
H963,0.12963847564712438
H964,0.13836936751892231
H965,0.15771349935772574
H966,0.309821559970874
H10330,0.18062884798124668
H10331,0.175406340833022
H11840,0.09751091160860431
H9770,0.43235590048114503
H7827,0.12079797662186446
H8424,0.15533035302173095
H8425,0.15010784587350628
H8426,0.023436558709714228
H8953,0.0930922098534292
H11900,0.18118514147582382
H11901,0.17596263432759912
H9130,0.18055834438964466
H9136,0.21156964515714993
H8327,0.29492521127086124
H8328,0.28147076911930563
H12239,0.13682553924919325
H7925,0.22800555593229144
H7926,0.22278304878406674
H7927,0.21756054163584204
H7928,0.22183893661282847
H7929,0.2057552057751479
H10634,0.16901854353179108
H11064,0.40923229183228027
H11217,0.14531654083807857
H11364,0.5888925656153792
H11508,0.22522964371093968
H11622,0.19359955347891705
H11685,0.2816319489508787
H11686,0.2380132638565998
H11836,0.22221722643226724
H11998,0.3773541821251867
H12054,0.30775778922708236
H12383,0.22130543141673598
H12414,0.13621382341520008
H8150,0.2287314905165266
H8154,0.2159834992162281
H8322,0.2276488556252546
H8324,0.31246790135568625
H8325,0.09652410482321919
H8326,0.3626588491231367
H8329,0.39138042709382587
H8331,0.4665765931149097
H8334,0.22099229513979415
H8715,0.12270587553850154
H9665,0.31416837171189804
H11648,0.13527770330479322
H11974,0.22260575694762336
H12036,0.1858544809201694
H12037,0.1806319737719447
H12039,0.17814158302423505
H8323,0.34656585275680896
H12213,0.22379876517505903
H11201,0.30792393227771603
H7658,0.14960185376632248
H12142,0.2563009065610855
H8716,0.10244274059171771
H8952,0.2808665148832428
H7514,0.13497844095610878
H7515,0.12453342665965937
H7516,0.11931091951143469
H11035,0.18143726969071222
H7517,0.16266703917271785
H7518,0.1413608011868126
H11050,0.16363714418489386
H11051,0.054911896652015096
H11513,0.17267105402581473
H11111,0.18525055186890205
H12530,0.20936366403895543
H8330,0.32056544614537336
H10781,0.1516964772769017
H11490,0.20533928487458677
H7535,0.12625998974563662
H8149,0.17821025425763765
H11973,0.21414797444051364
H7554,0.16979078697977756
H8,0.29345216840946986
H12294,0.2845053427525585
H7722,0.21350091239030905
H11612,0.19184723941508988
H7591,0.3400839632050429
H9417,0.18227755301199325
H93,0.22658991903927775
H1078,0.3326954835516071
H12012,0.15254148541323548
H1256,0.21886478177827232
H7631,0.06307727034937011
H7828,0.16424179283429402
H7829,0.15901928568606935
H7830,0.15171002976126552
H10938,0.1720533640292841
H11391,0.31199679172682343
H7524,0.22414218358250818
H8687,0.22230051071645293
H11041,0.24375580233287758
H12312,0.37933668825153893
H12313,0.37411418110331424
H11850,0.1533762142344518
H11650,0.16300994801246715
H9197,0.14452053115217173
H12515,0.18232283762281226
H7593,0.12408659690511391
H10838,0.20980203531954525
H7976,0.09101200561628678
H9860,0.2615671901144731
H9861,0.2563446829662484
H10163,0.20932847340730268
H10164,0.1936609519626286
H9564,0.2305841907861311
H9570,0.35703914402485937
H9571,0.3357329060389541
H10307,0.19823672984421323
H7793,0.18428722460428162
H7794,0.17906471745605693
H7795,0.07930685460802428
H11067,0.12069593946945176
H7861,0.17619551334461853
H7863,0.15488927535871327
H7943,0.13825957856704424
H7945,0.12497885651093776
H7968,0.15399799239277737
H7969,0.13791426155509678
H7970,0.16912182577017304
H10094,0.13514440791847926
H10311,0.1726304619645706
H7910,0.36105902240290816
H9527,0.2479608876302303
H10685,0.14463352929378637
H10531,0.2482648632959288
H11216,0.15969112414042103
H11255,0.16139218787488327
H11524,0.48397747566608906
H12361,0.2009692350341853
H7495,0.17907201635708248
H7519,0.17085239711287767
H7774,0.23755779331050833
H7778,0.11955229766709674
H7807,0.2950158601039375
H7891,0.18422506414936612
H7971,0.20937826137890753
H7973,0.24561206929463747
H7978,0.19497970705611367
H9406,0.1939014120202974
H9407,0.2972315351218404
H9502,0.20978190202105035
H9505,0.24265098657009235
H9506,0.47810372422231495
H9510,0.2801697395942667
H9511,0.34183593278889646
H9512,0.31156116975583575
H9522,0.2525231621934494
H9531,0.18711068398569936
H9532,0.18188817683747466
H9569,0.9637912642644776
H9613,0.513982236626463
H9615,0.23570510950400494
H9621,0.1809847933754626
H9622,0.17576228622723794
H9700,0.11058704297555563
H9844,0.6014361106115744
H10585,0.3956357998915243
H11184,0.17048557765550557
H10857,0.13078950808435946
H7776,0.19588641948048943
H1183,0.11554103514228843
H8604,0.14961208182736718
H8605,0.14438957467914254
H10740,0.31041128001303797
H11264,0.2481018740073343
H11525,0.18374524854926694
H11528,0.16766151771158638
H11530,0.12363982945782181
H11531,0.11841732230959712
H11532,0.17852274140104224
H11879,0.1951343750169546
H11880,0.1739347178137577
H11882,0.19597190640548456
H11939,0.16498849605393073
H12369,0.23412552481297508
H12370,0.18952835745380647
H12575,0.12527448536563168
H12576,0.10960696392095759
H12577,0.13049699251385638
H12578,0.12005197821740698
H12579,0.12527448536563168
H12580,0.12005197821740698
H11376,0.18346244428156233
H12268,0.13293291951962433
H12456,0.1492335806973434
H12457,0.029239889618604603
H8985,0.14527569706466328
H8984,-0.060164965804347326
H11993,0.18119611068516822
H11996,0.19205847473693344
H11303,-0.005788855193288922
H12367,0.10426869586490682
H7557,0.10241814873188636
H11860,0.0923198799746513
H11630,0.16620622051553766
H11631,0.16098371336731299
H7741,0.1344808522424757
H7742,0.12403583794602631
H8648,0.1061294171427366
H9918,0.11272900483648317
H1010,0.15052953240974354
H11477,0.11289911520117968
H11963,0.22793385599442686
H10345,0.26336354724353334
H10346,0.25291853294708394
H10394,0.176819946089268
H10534,0.15292583718920666
H10552,0.19048531892260728
H10588,0.16153177390825085
H10610,0.23317361346900262
H1088,0.16322225193671344
H1102,0.07858149637669046
H11943,0.17669388762564672
H12071,0.1941609205417891
H12518,0.16517646477337344
H12519,0.15995395762514875
H12558,0.17658509451570895
H12559,0.17136258736748428
H12560,0.16091757307103488
H7762,0.16097195160101233
H7763,0.15574944445278763
H7852,0.1584743305454152
H7894,0.18931499412933186
H7895,0.18409248698110717
H9468,0.14678854560188442
H9473,0.19889434526732952
H9780,0.1540355058705884
H9781,0.1488129987223637
H7857,0.1396695410279228
H10047,0.15829983264171735
H8970,0.23209365114153435
H8972,0.2148920880371664
H8974,0.523865430881697
H11665,0.1398712499416344
H1084,0.20716483674162878
H10936,0.2839430350758564
H10937,0.273498020779407
H11336,0.28607601976051716
H11846,0.20600258682315825
H11847,0.18261972995958553
H756,0.27458862624299907
H7859,0.20379841834453666
H7860,0.25057042645018607
H9185,0.18834363149924155
H10910,0.22551667500442668
H10911,0.21507166070797729
H10174,0.1015841995354492
H11140,0.11422933940612276
H11141,0.025773733339485072
H11213,0.2229688865938193
H11214,0.2125238722973699
H11372,0.15661641689573913
H11925,0.14473916328625352
H11935,0.15560038697570944
H11936,0.14473916328625352
H8969,0.055976028289969865
H1157,0.17471693940244737
H7833,0.1617083382195577
H11794,0.3644869106337523
H11795,0.3592644034855277
H11796,0.8258239186732526
H11797,0.8153789043768032
H11423,0.1405872662128096
H9947,0.1357054433770172
H1146,0.16726920935443673
H1147,0.15682419505798734
H1148,0.15160168790976264
H1151,0.17702413608118803
H11615,0.1553736888747137
H11616,0.15015118172648903
H11940,0.24132306168248918
H8975,0.0024659993467300023
H8635,0.12732737677597541
H8636,-0.0060545751518485125
H10011,0.1394574501550761
H1008,0.1954748870767823
H1009,0.1793911562391017
H9994,0.17810253134647858
H11207,0.352429168699393
H8721,0.1617452233846286
H8722,0.14607770193995454
H12586,0.06195454755608726
H10930,0.14454881349832888
H10931,0.13932630635010418
H10932,0.1284650826606483
H12172,0.15267799513176722
H9949,0.1863963317925968
H10305,0.593704493000832
H10306,0.5884819858526072
H11483,0.14504080847802214
H12351,0.30774681083637156
H1255,0.18980922836510322
H9985,0.19442276005614256
H10951,0.27723661923791637
H7842,0.17324544960839156
H10219,0.06842328886651108
H10299,0.10721207324465863
H10607,0.16449973013875518
H9493,0.17715805062914025
H7821,0.17230793287388732
H11406,0.2306446430359781
H1043,0.12669368387260213
H11706,0.13078404269798524
H1042,0.14165375228545785
H1045,0.224103775112654
H1046,0.08721036578913063
H11172,0.1308588989125614
H11173,0.10996887031966263
H11371,0.1609543024121701
H11407,0.13649424420785033
H11408,0.13085552766661912
H811,0.10130581911997091
H10869,0.11224423450995465
H7996,0.2118278667592093
H10188,0.4190948475880847
H12217,0.2115390660897668
H8049,0.2897729332207536
H9082,0.1707235186562622
H12431,0.19627445297156354
H9450,0.0015737160869607747
H9451,-0.014093805357713318
H7564,0.16868752791569802
H8075,0.16978547203683914
H8076,0.07525011633703119
H10236,0.1701461737623009
H10237,0.15447865231762686
H11459,0.03672433615275514
H7824,0.19911163898482576
H9092,0.07965376032470059
H9243,0.1783975889045193
H9244,0.24791220668755645
H9245,0.3533053368747418
H9246,0.185349050682823
H9247,0.07871055192652338
H9248,0.1942715294227255
H9249,0.26658915598733673
H9251,0.11550637757962548
H9254,0.049506990919371524
H9255,0.03906197662292216
H9256,0.09538220542571688
H11017,0.14137324230679538
H11018,0.13615073515857068
H10733,0.1674578626459199
H10775,0.1568338974905743
H10828,0.26552821945002997
H11420,0.4380443741154989
H11681,0.21941917347044743
H11945,0.19283976439962136
H11946,0.1969749073756088
H11992,0.18724249932904602
H12240,0.4086229752349658
H12243,0.2803418312078664
H1245,0.17473216934872876
H7573,0.15949877526726824
H7847,0.18201999218082135
H7882,0.17495955458917223
H8039,0.2072558004651219
H8040,0.1751156797636522
H8041,0.1698931726154275
H8042,0.2014425278887496
H8046,0.16986047363734447
H8069,0.19054113887680654
H8098,0.19529734299098556
H8099,0.21639379065741646
H8100,0.19396972040482383
H8102,0.19333542068633594
H8103,0.19116671162324972
H8104,0.18401990975619054
H8350,0.1843107211789806
H8797,0.2055652659460436
H9069,0.19701647202452707
H9075,0.2008991196698125
H9076,0.2084672433800625
H9079,0.1421808255930784
H9083,0.21211115479610884
H9084,0.17582429470580513
H9085,0.21081285994208787
H9086,0.2149141635776829
H9089,0.18592528915096204
H9093,0.2008991196698125
H9094,0.22612619870397924
H9096,0.20650513723296066
H9098,0.10141759799228761
H9099,0.21211115479610884
H9100,0.2008991196698125
H9101,0.21361586872366192
H9102,0.19753213788598134
H9103,0.43915486610360915
H9105,0.21211115479610884
H9106,0.0902055628659913
H9108,0.20650513723296066
H9109,0.08903415405763851
H9110,0.22612619870397924
H9111,0.10916677275157864
H9114,0.20930814601453476
H11494,0.27739874466638265
H12252,0.28815127163258636
H11058,0.31117796445728557
H11743,0.7207282190052944
H8101,0.17791960087897327
H9087,0.24759239467933877
H9090,0.20835027173730167
H9119,0.2074634972792163
H9120,0.19179597583454222
H11509,0.27244233049241345
H11837,0.18933196822758586
H8105,0.1705556860348006
H8793,0.17670216303913017
H12507,0.1830374190523611
H10626,0.43092563758857083
H11628,0.19983089930982764
H12396,0.3896061798698335
H12397,0.38438367272160884
H12506,0.31622611726535993
H8057,0.462042008587605
H11031,0.2212635487360713
H11055,0.3893607982742109
H12178,0.25485776314220193
H12496,0.18913528534025761
H8043,0.07386108545275588
H9104,0.254160848188455
H8061,0.15428572932376788
H8062,0.1386182078790938
H8044,-0.01880191432586048
H8045,-0.02924692862230982
H8109,0.08801900084344358
H11436,0.14945299715853197
H12358,0.03813337765305866
H7559,0.053383419252351766
H8654,0.17498979995293915
H7870,0.14915736459492107
H11512,0.17598025450941673
H8000,0.28191722747163983
H8002,0.17594206110644076
H8004,0.14983945368386925
H8286,0.17650266286275557
H8295,0.161004339449031
H12375,0.0417081778128367
H8675,0.2299881933181784
H10189,0.26101909201584145
H7490,0.18696689276799608
H12154,0.12972812451169602
H12512,0.15218503016307303
H11486,0.1483904764134466
H11488,0.1379454621169972
H8034,0.14082779054974612
H8085,0.1750339806968535
H8086,0.1698114735486288
H8092,0.18111503054418115
H1029,0.10636349470795702
H1039,0.12633316028784924
H1048,0.1772407350275455
H1050,0.16250267246171074
H1051,0.1296266303046991
H1052,0.15829815928934965
H7836,0.1509285613421899
H11132,0.17205479290763503
H11135,0.23430171808579894
H11136,0.22907921093757427
H11148,0.39090379583146795
H11149,0.40638074233501176
H11212,0.2985051147105586
H8077,0.2180744308245021
H8082,0.1698123858823758
H8095,0.19652274442239667
H8096,0.1860777301259473
H8108,0.16662586668587825
H11143,0.7385073938822179
H11142,0.6645644783911671
H11498,0.25942910078267745
H1218,0.1502068376116784
H1219,0.14498433046345371
H1222,0.2034695338222311
H1224,0.14736442229588897
H1225,0.1727451863302369
H1226,0.18513453028845603
H1227,0.1720758354686014
H7889,0.41431624889210394
H11429,0.19311507838345165
H9039,0.15541565622707593
H8084,0.1442040772676531
H8087,0.23880406593449893
H8090,0.14835253026438278
H8091,0.1224679881937427
H8093,0.10428219179993028
H11247,0.2894542782020931
H1059,0.21188658291799636
H1060,0.09890558499156685
H11386,0.1839783092040646
H11387,0.1735332949076152
H11040,0.34594279536721795
H8079,0.20010747009323748
H8080,0.18966245579678812
H8078,0.24567481982812878
H11178,0.29683600691380596
H11005,0.27532273389806855
H11750,0.2238093485865292
H10296,0.11724242434779575
H10523,0.08984840789270704
H10044,0.16691931886159989
H10206,0.13064897753566376
H10538,0.20913322341973797
H11453,0.1258797603546225
H9655,0.14355043435223935
H9656,0.13310542005578996
H9671,0.16808054899792613
H10034,0.17780548826458437
H10035,0.17258298111635967
H10159,0.25924310182813326
H10234,0.21089203303450949
H10235,0.18958579504860423
H10240,0.2071920614428317
H10549,0.3430203654191152
H10589,0.14960935025480324
H10590,0.13394182881012914
H10686,0.19127788589929617
H10800,0.5163346576698831
H10917,0.13972045363992736
H11289,0.1882165800316754
H11290,0.177771565735226
H11322,0.045144467014179096
H11426,0.15825301057639932
H11535,0.21032052398500609
H11554,0.15096518774430673
H11574,0.1666830030880329
H11698,0.24200132825761647
H11755,0.25719940440841654
H11932,0.1793316366138364
H12090,0.26955028083388405
H12091,0.25388275938920996
H12242,0.04047239879077899
H12436,0.3524654109256994
H12437,0.3472429037774747
H12438,0.34202039662925005
H7673,0.16503699505238278
H7680,0.26266592037856284
H7699,0.1966014968106133
H7700,0.19137898966238862
H7753,0.15185600245545505
H7761,0.2507938650172622
H9641,0.21468749911788293
H9642,0.3047672905431769
H9709,0.23711156937047556
H9818,0.22567409777222683
H9819,0.21481287408277094
H9876,0.12440461846996836
H9877,0.22067702709595458
H9878,0.20761269871463842
H9879,0.20946499196965823
H9880,0.19901997767320886
H9881,0.19338126113197768
H9882,0.19825295684336192
H9883,0.21468749911788293
H9885,0.16219735309782238
H9925,0.1750135206303613
H10695,0.1047638081042948
H10696,0.09954130095607011
H10806,0.12811447222974331
H9762,0.13199711987502874
H7587,0.13296298878067703
H7780,0.15572222431763205
H12483,0.14851818631300934
H10022,0.24065122598184274
H10023,0.22456749514416216
H10536,0.18594837165255973
H10537,0.18072586450433503
H11462,0.12793777754148628
H11714,0.19985607363503752
H11960,0.25971917847162834
H12526,0.21855324219719963
H7500,0.23755324253002658
H7501,0.22710822823357718
H7603,0.24309267929135883
H8432,0.1459959345764662
H8434,0.2837315522745779
H11250,0.2419514792439752
H11251,0.23672897209575053
H10724,0.1634628667603367
H10833,0.13716592008637646
H11480,0.15154121958551356
H11731,0.1620729656176303
H12465,0.36241753779783226
H8437,0.20278811900021035
H8439,0.18148188101430507
H8441,0.15103335190254963
H890,0.21396365480768273
H9795,0.1782954013843884
H9854,0.16608319391122234
H11810,0.14257204765135
H11811,0.0989533625570711
H11961,0.22529031828237833
H12068,0.32884185410609973
H7873,0.17094408123309598
H8436,0.15412602854365154
H8297,0.13916732863141634
H10954,0.23158679550917843
H10955,0.21591927406450437
H11541,0.38410626932105796
H11544,0.3684387478763839
H11677,0.20636878012577073
H11702,0.22616269205385944
H11703,0.1954818495267039
H7510,0.22178745875728226
H7511,0.21614874221605107
H8440,0.2128511620170157
H12516,0.475684383442378
H11942,0.36415318993780155
H12349,0.36569622154892123
H9572,0.20790963560279743
H10824,0.26576571989242
H12293,0.10836199399980768
H7736,0.23495659731412563
H7751,0.04369518885413784
H12527,0.20234924583810054
H12528,0.19712673868987585
H945,0.2624391973223815
H946,0.2463554664847009
H10312,0.7558237267737836
H10313,0.7506012196255589
H10314,0.7453787124773342
H10315,0.6508433567775262
H10334,0.18541255699029371
H11991,0.23026860158458587
H12416,0.11273416895860232
H10109,0.17284904208488122
H10232,0.13059520394970126
H10239,0.12537269680147656
H10332,0.17989134820609187
H10333,0.17466884105786717
H10338,0.1909322365329476
H10344,0.2276932162204863
H10434,0.19451533900083814
H10469,0.2349192170384043
H10577,0.15617576358112106
H10603,0.22734145472990266
H10820,0.17523538735613278
H10821,0.15707503764078473
H11717,0.1725687412067238
H7601,0.16354551994162367
H7832,0.18968281176869048
H7902,0.16915748762380342
H8301,0.2604155541814176
H885,0.11478848689325184
H9179,0.14106055074436513
H9180,0.06029773712231218
H9653,0.16099051803352016
H9970,0.2393634795060234
H9971,0.228918465209574
H9972,0.22369595806134931
H10013,0.264193889084965
H10033,0.2856351481122779
H10037,0.25458261030570384
H10069,0.21409108480417763
H10165,0.24871623824916542
H7735,0.3197276766493138
H9869,0.2886477091583476
H9870,0.2782026948618982
H9871,0.27256397832066703
H9874,0.27579884264772564
H11028,0.028574229999002637
H10704,0.2776596368759785
H8611,0.18161654279144857
H11534,0.09216828660920034
H10073,0.2117669711709893
H10074,0.2065444640227646
H10075,0.20132195687453994
H10429,0.21428289859276317
H955,0.14803819685068786
H10241,0.19300120155180356
H10242,0.18777869440357886
H10243,0.18213997786234765
H8609,0.09514326239893303
H7840,0.2442598761822269
H10908,0.1594891819229852
H10961,0.192919220427364
H10962,0.16203529616761198
H11245,0.1531243289280813
H11394,0.8440749336483029
H11435,0.275929845010875
H117,0.2848024763789784
H122,0.1780575496702941
H8300,0.19832305980130124
H9889,0.1899601387966175
H10435,0.16794506785253366
H11150,0.1586150101174913
H10707,0.16778727257461273
H11427,0.7008675331854067
H8299,0.15995370359270622
H868,0.050189513202058
H983,0.15178331750122326
H8657,0.18813652642134956
H8658,0.17205279558366898
H10326,0.23026982083294903
H11988,0.2072242801524214
H10067,0.18668989440633285
H10916,0.10050890227773648
H1242,0.013860569402019768
H7900,0.1823401122253459
H7901,0.138721427131067
H8661,0.06763708742303529
H8663,0.13810479277529347
H9449,0.2147300986151704
H10027,0.25734255527832883
H11563,0.2097333002633194
H11564,0.2045107931150947
H1239,0.1632010772369116
H7759,0.18799675575342267
H8656,0.16673455564648204
H8660,0.24794003519706317
H8449,0.17254744845003583
H10147,0.16329843180458836
H9409,0.18852218228818088
H95,0.21635054808158424
H8807,0.16330025647208238
H8808,0.038298368329553634
H10823,0.16510020558789262
H12450,0.21974519119119146
H11570,0.1542216950977417
H92,0.15344544138887892
H11219,0.1258768020521407
H11220,0.11543178775569131
H11221,0.10498677345924193
H11404,0.16237561867258932
H8805,0.18852217919704825
H8452,0.19056651662609075
H10553,0.1860821587424457
H10554,0.17563714444599635
H7487,0.12295099240813856
H7488,0.11772848525991386
H7489,0.11250597811168918
H9420,0.28582853298743344
H9411,-0.013854675321525622
H9421,0.17324466276496736
H9422,0.16802215561674266
H11798,0.14538745252731572
H10217,0.16859913000384813
H10674,0.03213946642876361
H9867,0.04059132120978573
H1185,0.1341620520869831
H1186,0.11160718561739301
H1199,0.23254766032023327
H1200,0.2108523723508499
H1201,0.20562986520262522
H12238,0.986633460090355
H973,0.24448893389661233
H975,0.33705911606961597
H976,0.38748057515986634
H977,0.19015212818299349
H9257,0.137502724368245
H9258,0.13228021722002034
H10779,0.07597195846957866
H9951,0.14498394681822657
H9952,0.13453893252177718
H9953,0.12931642537355248
H10950,0.13205035212371044
H8626,0.10782967015795551
H10629,0.1246481790142735
H11474,0.12805310828242455
H7745,0.12997416802368553
H869,0.13553580099079815
H870,0.12467457730134225
H873,0.11343918097749749
H8950,0.12023843142654854
H8951,0.11501592427832386
H979,0.16201161174931766
H7620,0.1833002608640695
H971,0.1293952486197313
H972,0.1128953082367116
H10547,0.3249261346034271
H12350,0.1292103403619531
H8706,0.1162432581714128
H8152,0.11659771317861675
H8707,0.15123597748363024
H9410,0.12103418843920305
H9540,0.21817440536823213
H9541,0.24389153045636894
H1063,0.24240042439450749
H1064,0.23195541009805806
H11995,0.21461578036413814
H9478,0.10605085784602185
H9479,0.10082835069779714
H9787,0.16173117548870058
H11955,0.1107132194048052
H754,0.18408938709014322
H11656,0.22208955325529287
H12074,0.1043378315975696
H12591,0.512097752611444
H7907,0.1563398780540619
H9408,0.18940324683421583
H10889,0.21716562478109291
H1012,0.1895575385367822
H1021,0.45742355168738136
H1023,0.19572752910218744
H1025,0.14894993628432168
H1034,0.2574352869457354
H1035,0.2522127797975108
H1037,0.153711725110717
H10151,0.16509452726363538
H10381,0.1402284113938942
H11332,0.07985662549801512
H12344,0.16440357392283897
H12345,0.15918106677461427
H845,0.13145842188474643
H866,0.12620658700438098
H941,0.15146299377068845
H9520,0.1271574796572621
H9583,0.22647372317813694
H9584,0.11232292882615241
H9590,0.16674885380614995
H9666,0.18588513737784462
H9738,0.22540756119803915
H9802,0.11413643107641266
H9933,0.21057420577242483
H9940,0.12546889390667482
H779,0.15915837780627656
H912,0.14068784758002842
H1075,0.12149072954001315
H7826,0.43790309969384944
H1081,0.13355229467959906
H1068,0.20596052524554193
H1072,0.13883131817032876
H1073,0.11752508018442348
H8288,0.12047733617414376
H12362,0.052560594049179676
H9628,0.13102658070001635
H11663,0.08122219456492408
H11865,0.13478550994754246
H12589,0.27766802677069347
H10885,0.14643540284234513
H10886,0.13012189173358402
H797,0.17554364706194628
H11760,0.13350575198685144
H11761,0.12828324483862674
H11762,0.12306073769040203
H11160,0.18360042056168788
H11161,0.1731554062652385
H11162,0.1679328991170138
H7885,0.2570969410422908
H10952,0.19709520936305464
H1243,0.25910812853476156
H924,0.2202848733372143
H11588,0.1700984050345231
H12590,0.14573443806756758
H11499,0.11240369184434619
H12433,0.2142981409680431
H1067,0.32542547359202534
H942,0.19333569215353355
H943,0.18289067785708416
H10292,0.17256810860771588
H10293,0.16734560145949118
H10294,0.16212309431126648
H10433,0.2884062530913506
H10675,0.12003972404101763
H10751,0.16265482450231405
H10752,0.15220981020586466
H10753,0.14657109366463347
H11481,0.19890895401094388
H11102,0.09728848779126392
H11047,0.29795928587102194
H11048,0.28751427157457254
H7687,0.27438920643815845
H9618,0.1503280884864322
H9619,0.1451055813382075
H10041,0.1275043325491415
H10042,0.09098059344756435
H1237,0.023544176372362224
H7599,0.0067592001823463255
H11215,0.2264095924700046
H11315,0.2945970438337535
H11316,0.24575585159124994
H10920,0.27299465972077974
H10921,0.26777215257255504
H12050,0.33363483177494163
H12051,0.20070329828141215
H11624,0.28816157469018666
H8649,0.2470354682899942
H8650,0.2365904539935448
H9430,0.238164808841402
H10009,0.3147084497545078
H9265,0.2997205119124994
H9268,0.2769550380922745
H9352,0.1732125949751575
H106,0.2481361497146719
H107,0.23769113541822254
H12001,0.26199129581852865
H7606,0.23847534978544718
H11146,0.29029399181058196
H11147,0.2798489775141326
H7597,0.3628047518957448
H10874,0.30518787112065726
H10875,0.29954915457942605
H11675,0.264337824714301
H9005,0.583495972709972
H9006,0.5782734655617473
H9007,0.5726347490205161
H9008,0.4288184398773168
H9299,0.16980436418675174
H11892,0.31995888592210114
H9434,0.24719277795243805
H9480,0.23992701763366045
H9481,0.22948200333721105
H10913,0.28890200478913386
H11324,0.37260787417154007
H11378,0.33204703945783814
H11379,0.31637951801316405
H11557,0.3404773663700969
H7556,0.2608619106987049
H7806,0.2840630080558326
H8140,0.18302122433620605
H12046,0.29572398075405426
H12316,0.2900701335682424
H9296,0.24744725872085174
H9435,0.2518849234102357
H12044,0.28518512390220924
H12206,0.267039448626603
H12207,0.25659443433015366
H12539,0.256771525671545
H7739,0.192138713395739
H9273,0.2651884453267091
H9277,0.25715503608646845
H9286,0.2537682761644096
H9291,0.21268134309978215
H9298,0.23175086571091041
H9344,0.07955705629206011
H12048,0.2619944889866432
H9274,0.13988303366445506
H9284,0.32162469422954576
H9304,0.3621562012111069
H11536,0.24790221693783057
H11548,0.24836341166056977
H11842,0.3516912261638872
H11894,0.256772438005292
H12060,1.2462034176537058
H12061,1.2409809105054812
H12230,0.29667837224041
H901,0.14733016511310232
H902,0.2448441167691433
H903,0.2590227383409931
H9318,0.23396485733777592
H9319,0.22874235018955122
H9400,0.23568822725563862
H10739,0.3017028097924179
H11089,0.4189638930885386
H11117,0.2911466926487606
H11226,0.31905574929874153
H11502,0.2457672781194013
H11603,0.2519338974388643
H11869,0.13239976407195764
H12022,0.2205622615985496
H12304,0.3034799312876866
H12306,0.2878124098430125
H7642,0.2916170205402619
H7754,0.2550910889032211
H7755,0.24464607460677168
H7756,0.23942356745854698
H7813,0.4870232549033828
H8671,0.4236468434897084
H9020,0.21934871983804813
H9269,0.3124495593887236
H9270,0.30722705224049895
H9303,0.15690830157831281
H11325,0.3704722973341805
H11326,0.3652497901859558
H11340,0.2517782284312578
H11455,0.25089594271223037
H11456,0.24567343556400567
H11908,0.29602033297054214
H11909,0.34360165157770706
H11983,0.6863270500526243
H7848,0.3365335774435788
H7849,0.35423165052598965
H7850,0.34900914337776495
H864,0.30139787823331443
H865,0.29095286393686504
H8795,0.2746875196932935
H8998,0.4072140921885633
H9275,0.293212464499502
H9278,0.1927141047689137
H11593,0.2303223144223501
H11594,0.21987730012590073
H12196,0.27992665904171443
H12197,0.18016879619368176
H7671,0.3960272827745127
H9287,0.26311751716676685
H10933,0.2595772714543601
H11350,0.22667402746002555
H11884,0.2531303512567397
H11885,0.23704662041905913
H11886,0.2664815838715292
H11893,0.27919833292537866
H11952,0.32349376498469096
H11953,0.31785504844345974
H12045,0.340687434778617
H8999,0.2818194275991236
H9000,0.2713744133026742
H1019,0.30461085277825206
H10872,0.2507202198714595
H10873,0.23463648903377893
H10922,0.2431431853467126
H11439,0.2412965256531543
H11558,0.24332027668810394
H11730,0.27826257023145573
H7529,0.39150412500704845
H7539,0.18863165892345987
H7544,0.31941682311815717
H8995,0.3408479226036666
H9282,0.24275967493178913
H9289,0.24118107919961074
H9321,0.255859934400562
H9342,0.253588199643162
H9343,0.23792067819848792
H11907,0.2934207082405281
H8683,0.2690833267976394
H8684,0.28496516062628746
H918,0.2908943875444064
H9280,0.24107832582971817
H9301,0.20280773039133676
H11443,0.24882517110909017
H11605,0.24798309441376082
H11606,0.24276058726553612
H11941,0.45129096492759185
H12102,0.19750086007404158
H12136,0.2565985398320152
H12412,0.14416827350641814
H9001,0.35971544917407705
H9288,0.24798309441376082
H9290,0.1481022520474432
H9292,0.2878890286488788
H10057,0.14972102618672617
H10058,0.1288309975938274
H10145,0.14556033627321907
H10378,0.2330311959476321
H10379,0.10290607314625179
H1096,0.21579307480323592
H1097,0.20534806050678656
H11495,0.23566543189467926
H11496,0.2252204175982299
H11497,0.1561433972773528
H12307,0.8443890294730898
H10430,0.0614852489319917
H10431,0.36183028849011895
H10432,0.10370152745504341
H10450,0.16834963669657424
H10464,0.1885636170796146
H10541,0.4655000487594415
H10609,0.09599291393706391
H10628,0.24719661067111276
H8632,-0.019273107374968762
H10656,0.034415680654738906
H1095,0.18611878594648834
H12333,0.1723021339475458
H12334,0.1670796267993211
H12335,0.16185711965109642
H852,0.1721439826410281
H853,0.1616989683445787
H10459,0.4222207174286259
H9967,0.14404725600980717
H7520,0.19643446481752297
H7521,0.21683948108636064
H7522,0.21161697393813594
H10830,0.13326871091340833
H9361,0.18879021501056303
H7880,0.18912703223122546
H9052,0.1709448691307142
H9053,0.12334955866011069
H9054,0.15972221150691696
H9807,0.045205858558033385
H11547,0.14988877158263897
H12262,0.2140724387954816
H12263,0.20884993164725693
H9966,0.21061396819814202
H9405,0.12655502667515553
H9050,0.13905638148668287
H9051,0.04430671570244016
H11049,0.1528905493357142
H9314,0.19838152287915492
H8677,0.1330115531508669
H8670,0.13103269022437808
H8667,-0.007284471914481977
H8678,0.14364714207520846
H9351,0.2732134392899945
H9398,0.2211058844087726
H9424,0.3496415526291189
H8993,0.3992004853821226
H8994,0.3939779782338979
H9395,0.17532699817342873
H9396,0.17010449102520403
H10246,0.21057941557692741
H10247,0.20535690842870272
H10248,0.20013440128047802
H9308,0.27364872931466055
H8680,0.12995670069565474
H8681,0.12473419354743005
H8682,0.044177774230749034
H9377,0.14198289836305472
H9378,0.13153788406660535
H12363,0.14781706603591993
H11747,0.18569213841635995
H11748,0.1714909763220681
H11113,0.14540739081751322
H9012,0.16552471211353526
H9310,0.20175151975327285
H10176,0.20126963070694046
H11949,0.16712052909974476
H7720,0.13727234737680793
H11321,0.14109274913555755
H9359,0.16599901980821014
H8665,0.12017876520489826
H9374,0.18280809673486947
H9375,0.17758558958664478
H9376,0.17236308243842008
H10416,0.23158583717706388
H10417,0.2159183157323898
H10418,0.2102795991911586
H10085,0.18964995586930855
H10204,0.1738027477945931
H10265,0.23438930212551146
H10413,0.16147034509535918
H10426,0.17344940105150242
H10503,0.17413019803388508
H10507,0.20470673677296697
H7532,0.3266386362754945
H7654,0.050210228835433496
H11658,0.26556836481296436
H11659,0.2442621268270591
H11181,0.15269931915146737
H11210,0.11656807956072121
H1217,0.024295532857995183
H11804,0.41767623474023396
H10193,0.14132036682858906
H10194,0.13609785968036436
H10280,0.1925661534144868
H10281,0.18734364626626213
H10474,0.3280129885982002
H10658,0.17418945137763106
H10894,1.8443589643147096
H10895,1.8286914428700356
H11082,0.1461740175019464
H11083,0.1405353009607152
H11327,0.15595901156339145
H11452,0.2703706677232265
H11584,0.14298749830544885
H11590,0.13104455056308917
H11873,0.13983708732273487
H12368,0.03772695881629859
H7531,0.18806896859302838
H7982,0.21140865922441054
H7988,0.15767331783049515
H7991,0.2260127966810445
H7992,0.2203740801398133
H11626,0.1446765402229096
H7921,0.18168120067237362
H12126,0.3047311183335982
H12127,0.29950861118537353
H7497,0.22072848703808054
H12124,0.20167841180880228
H12125,0.19123339751235288
H7964,0.08788495821772793
H11523,0.17987222160080796
H9792,0.1957754898511549
H10662,0.16239870842458562
H10663,0.1542684365751988
H10036,0.22184424999937843
H10122,0.07971667008355823
H10358,0.29961075474759435
H10377,0.293921944565324
H10620,0.1676438069179247
H10677,0.25210105354423873
H12237,0.3000539381308544
H7649,0.3207264950577562
H7651,0.31251831451946366
H7663,0.13229401993532666
H9772,0.18365776727221012
H9773,0.17321275297576072
H10115,0.30761677488241873
H10392,0.2727544683770751
H10393,0.2675319612288504
H10463,0.24350389612976117
H11063,0.19079778192214603
H11809,0.19155948630165828
H12056,0.16296639813486696
H12057,0.15774389098664227
H8383,0.14289415724813204
H7839,0.048304450204216615
H10697,0.158448498755779
H10698,0.1532259916075543
H10970,0.18193295321797118
H11003,0.503868670805843
H11433,0.17193738839589567
H7812,0.7277105808851737
H8385,0.15390466497320826
H7886,-0.010465134302623913
H7887,-0.01568764145084861
H7888,-0.020910148599073308
H9829,0.14366420409198027
H9859,0.19230032811336656
H10827,0.13487193965675587
H10355,0.16555791265414588
H9643,0.2669566402515981
H9644,0.2617341331033734
H10177,0.4246798706858819
H11417,0.16204189485663803
H11419,0.14073565687073275
H12047,0.7609977916737614
H9712,0.3070924762955133
H11478,0.15799896963452043
H7644,0.1414982320301351
H7980,0.15607050644837803
H11095,0.18595627182183516
H11096,0.1807337646736105
H11097,0.1755112575253858
H12112,0.3795036453272409
H8281,0.1628170646687483
H8282,0.1575945575205236
H10212,0.15660325847112733
H10286,0.24909054021624988
H10302,0.3544995968601704
H10356,0.44886098201289487
H10357,0.43799975832343896
H7883,0.15056302604352664
H8169,0.14997906308966338
H7908,0.5482775536412098
H7909,0.5378325393447604
H10157,0.2131069172714526
H11165,0.12207863381849986
H11166,0.11643991727726867
H11709,0.15719012539280114
H11710,0.14110639455512056
H11776,0.17592414907327636
H7590,0.18725637942564052
H7864,0.10612954407119764
H9865,0.22102978200012216
H9866,0.271225611707103
H10369,0.04874470837047837
H7983,0.12901951061632608
H7984,0.18114627644868253
H7985,-0.016054656497326042
H7986,-0.021277163645550767
H7990,0.3534140819848859
H7993,0.15230461373061027
H7994,0.36075584492321133
H10065,0.18473458385597086
H10066,0.16906706241129676
H11127,0.1569102870221461
H7543,0.5845593692524025
H7981,0.3171790639337262
H9849,0.3140059776162251
H12581,0.12895725587753995
H10116,0.18664796281309656
H10290,0.21765107037194215
H10295,0.42050731488529053
H10723,0.1375776690709194
H10949,0.22663789201035692
H11228,0.14970416558707528
H11249,0.16672896039928983
H11267,0.18460923808784446
H11468,0.27410362208918243
H11903,0.21840891884153596
H11950,0.28251601967984696
H123,0.19691423410036252
H124,0.21894936522596314
H12415,0.2893678847140897
H12430,0.19983757803428778
H1246,0.23687412590132403
H125,0.1456526429600783
H7711,0.20943632890598898
H7712,0.11490097320618102
H7814,0.21052353475630214
H7815,0.19443866355631223
H7868,0.1855847212074941
H7946,0.2163699690552989
H7947,0.21223933768756306
H7948,0.1281377260229835
H7950,0.2227786507062816
H7951,0.2175561435580569
H7952,0.20572770439369328
H7953,0.20383031134284083
H7955,0.18044302593490508
H7958,0.06301577451872029
H7961,0.27054981365474573
H7963,0.21980746139781307
H8384,0.1743290782160089
H9702,0.19722259604056475
H9848,0.16738958428888068
H10360,0.1704551030972768
H10771,0.17684764920295593
H11110,0.1222941142080423
H11684,0.18473532426497527
H12106,0.48875856752899677
H7677,0.24281429431080628
H7678,0.2323692800143569
H10352,0.19288046545643495
H10353,0.18765795830821025
H11072,0.16042818288797428
H9725,0.16713396954205317
H10935,0.3554366014611766
H9049,0.13797089746377872
H11115,0.16400277725926293
H9907,0.2572444572001084
H12490,0.10121651747916666
H12599,0.21512541323200426
H10647,0.11116438099059936
H10182,0.13212575813143068
H10186,0.10763637219497013
H10187,0.09824036749358717
H10210,0.19887560567953141
H10420,0.1709843706585443
H9757,0.1734038690251949
H9758,0.16818136187697022
H10062,0.1276402044783591
H9752,0.1487680115860493
H9776,0.19245254798999464
H9793,0.8046003381536329
H9794,0.7941553238571835
H119,0.11023434476963583
H862,0.20392751995131506
H11235,0.26398984843329476
H10737,0.1343625526806156
H10900,0.1830023406220414
H11248,0.17427739773023046
H1159,0.45482823152959995
H1160,0.30457104783135414
H1166,-0.009879595537652247
H1167,0.20798636740968965
H1171,0.133874815224871
H1174,0.11734597422808084
H1175,0.15042147785065496
H1177,0.20487734394956708
H1180,0.09326942643868455
H1181,0.08763070989745336
H1182,0.1129172203531938
H1184,0.0971857454224464
H1187,0.13640643394278457
H1188,-0.023169261188501544
H11887,0.20313947736594656
H1189,0.1369670356990994
H1190,0.1014596287911812
H1193,0.11775091906470324
H1194,0.11622477071545122
H1195,0.10129494236848333
H1196,0.13763084699218026
H11965,0.18473825843717087
H1197,0.7609334163370568
H1198,0.60149453786953
H1203,0.10633246486487478
H1205,0.3079505713751182
H1206,0.3027280642268935
H1207,0.17373342183348295
H1208,0.16851091468525825
H1209,0.003674792930884213
H1210,0.12014898300965492
H765,0.1398620357437617
H803,0.15139112669595747
H835,0.11246873894814195
H837,0.16695922966194204
H838,0.13586103737947067
H839,0.1329689416002704
H840,0.12210771791081451
H861,0.11560810878350493
H875,0.24132435028142737
H900,0.12458213609078728
H907,0.09326942643868455
H929,0.12463379706017345
H922,0.15239853569134354
H10777,0.15186749442500988
H11076,0.0937473231240937
H11077,0.088524815975869
H11833,0.10127572447501093
H11834,0.09563700793377974
H12017,0.15391012643767849
H1233,0.13136193046969824
H1235,0.14455698792171798
H1236,0.13411197362526858
H914,0.1457604847924921
H9178,0.13761170039546733
H939,0.1929215880252813
H940,0.18769908087705664
H1247,0.08939634841000016
H7789,0.13169800808780763
H7790,0.12083678439835176
H10993,0.09590493015408036
H10077,0.18646347465049926
H10173,0.15696677759968064
H11999,0.10493078239626
H11632,0.14490485530636982
H9828,0.16909250594297406
H9820,0.20522258151417483
H10031,0.20298049680162666
H10032,0.19253548250517727
H10053,0.17890394901223033
H10156,0.20358266320685972
H10162,0.10181268302277549
H10253,0.17822089341991196
H10254,0.16213716258223138
H10266,0.22998367982700696
H10348,0.2754428975519222
H10349,0.22505038437143657
H10350,0.21941052746789605
H10384,0.2740647995023453
H10389,0.16959237514518807
H10419,0.43448442004900895
H10532,0.2399802127184045
H10586,0.5081181630966349
H10633,0.3195856621151083
H10651,0.3071085941173811
H10754,0.20063164284782148
H10804,0.1598480022347659
H12008,0.21935581121157846
H12043,0.38161732068663456
H1215,0.18223823181797846
H805,0.17231867528083394
H834,0.1524740751928191
H9578,0.22600673345945235
H9703,0.2233031809939934
H9726,0.15816168402858216
H9831,0.19905641836158536
H9915,0.1979352148489557
H10148,0.3567561450585082
H10274,0.21211752068334347
H10423,0.22333292705558205
H10366,0.7380995285577897
H10678,0.1682241002438551
H9962,0.3182718132876545
H9346,0.17826027426714058
H9347,0.0837249185673326
H10758,0.14560606099096052
H11106,0.07217147179804084
H11277,0.13141816662601996
H9345,0.0969658636381023
H7781,0.09499234457296579
H7782,0.08976983742474112
H7783,0.07890861373528521
H8673,0.09466655391985165
H8674,0.08902783737862047
H9403,0.14554397425409032
H10783,0.09177977278882654
H10784,0.08655726564060184
H9067,0.0516860543813327
H9066,0.09434983916255058
H9013,0.12361270534553871
H9014,0.11316883141139866
H11674,0.23563196928344432
H10705,0.19854521585209411
H10803,0.18867570352125573
H11191,0.24869533002234567
H11922,0.2260984093126829
H7551,0.21526082095055105
H7721,0.17487723041450257
H9009,0.17453574081537088
H11897,0.21506013697720372
H9285,0.24309022479294454
H11365,0.3225606036640488
H7936,0.185010995177708
H7740,0.1928529370380032
H11091,0.21801896120535807
H10825,0.022255982958018145
H10826,0.017033475809793475
H7586,0.195573437442586
H8651,0.19514340575814407
H7585,0.2061310282571719
H7667,0.24912027215202134
H7799,0.22619446817794858
H7800,0.2209719610297239
H10788,0.2688334943625771
H9371,0.2572761862289504
H9372,0.17462966350119938
H8987,0.21242035302192022
H8988,0.20719784587369552
H11054,0.22342464579172436
H11868,0.2170940492753536
H10855,0.21022570191263754
H10902,0.19527078671785006
H11592,0.19154875261285725
H7696,0.27749791267041546
H9162,0.25312955789971475
H11870,0.3391645620319187
H12413,0.5686927426961981
H7582,0.20705611668411222
H1257,0.20513130592409046
H11007,0.19737479466693555
H12190,0.052288390636505894
H9003,0.3042849355587004
H11640,0.4914953808992822
H11896,0.10721541267455022
H7892,0.15651706719423206
H9427,0.2689876852988734
H10876,0.21022798274700505
H10915,0.23729252396980866
H10973,0.17694268880495653
H7726,0.2149980358677383
H7727,0.1993305144230642
H10640,0.2898263963837319
H11200,0.3201461055109152
H7768,0.25833065610541733
H9293,0.20066028609796738
H9294,0.19543777894974268
H9297,0.2365776337944219
H9369,0.19901731612132925
H9370,0.19379480897310455
H11876,0.2272249514453349
H9401,0.2085658237745484
H10711,0.2765743217259335
H11917,0.20402119195196972
H7999,0.18329720476418887
H7583,0.2647144966790376
H7584,0.2542694823825883
H12209,0.231487805627695
H10228,0.21915578510142106
H10229,0.2139332779531964
H11510,0.0891695838950661
H9426,0.21896283037050635
H10688,0.43729364585808617
H11661,0.16076883456325541
H8008,0.32561844989789424
H8009,0.20330405748449837
H8005,0.09300670429337346
H11669,0.17562569343934503
H11693,0.18330039793230338
H11817,0.36213235819672956
H12343,0.25922537787293265
H9300,0.23435806623376498
H9323,0.20073233097156287
H9373,0.21061787949815755
H9391,0.23900214999668104
H9364,0.20666479563868656
H9366,0.19099727419401252
H9367,0.18577476704578783
H11440,0.2103059771041258
H7575,0.17063758332882042
H9338,0.17646424643899955
H11311,0.22012849960130454
H11726,0.1999393992304028
H11904,0.23021189407140286
H11905,0.22498938692317816
H12118,0.09844486166692923
H9302,0.2248002281414583
H9317,0.2199444272832183
H9466,0.21879500886724698
H9313,0.20498572737098314
H8666,0.2055038768173581
H1117,0.1939353383221395
H11866,0.16377987101826957
H9305,0.20582754233920236
H8006,0.22010614975472598
H799,0.15511199868041464
H9017,0.1918915334540255
H10799,0.19696803184410652
H9362,0.19976550105712598
H10191,0.19954234461308964
H9555,0.20557343724007954
H12121,0.2066707258080421
H12122,0.0562105022865825
H10763,0.17611160577411536
H11218,0.2207900754288778
H11715,0.3707418644023098
H9381,0.12451913395500583
H12486,0.17623944209424341
H10769,0.20088989773787014
H10770,0.17020905521071458
H11765,0.197184341433976
H11766,0.18151681998930197
H9332,0.34962645450268764
H11273,0.1937057406094171
H12544,0.17934499771489054
H11345,0.3238549680776253
H10835,0.22008758932438177
H9334,0.24286269999992877
H7676,0.24576082907746077
H806,0.21781361272319077
H807,0.20736859842674138
H9024,0.21210799841598166
H9327,0.21990503275893328
H9328,0.22145689604762098
H9330,0.21903739768097036
H9331,0.21613990861276408
H9335,0.21455258363045182
H11888,0.28308743719534063
H7728,0.17268969646630022
H12339,0.26179650415508865
H12553,0.1701059836843615
H9392,0.208638305957626
H10946,0.1882061257511495
H9311,0.22562545150771193
H9312,0.21518043721126254
H8138,0.20760448694500525
H9266,0.21151305737780227
H9267,0.20629055022957757
H12191,0.204642036526291
H9262,0.17125015637285487
H9348,0.18782222979626526
H9349,0.18259972264804056
H9397,0.1572698902439813
H8003,0.14588546082748832
H1114,0.14519176046508514
H11979,0.21064315090442265
H9264,0.16772886340268772
H9453,0.1593374867622167
H9459,0.04522103813705869
H11356,0.15408656421559827
H11093,0.17780260500744255
H7579,0.059372203630227244
H8990,0.15556710362907883
H11437,0.1822779183359732
H11614,0.1516128303408102
H8652,0.18862267518473697
H10095,0.26094769671575246
H10102,0.3099437708355454
H10259,0.3308522944148667
H10309,0.2830118168699385
H10455,0.28099960066623675
H10525,0.28147777521024464
H10526,0.27625526806201994
H10527,0.27103276091379525
H10528,0.26581025376557055
H10529,0.26581025376557055
H10878,0.26364154470248435
H10879,0.2800760869770053
H10880,0.28529859412523
H11098,0.8057018784099931
H11168,0.3615608499016888
H11430,0.31328711729205255
H11577,0.26491586982855614
H11994,0.37718893703029865
H12004,0.44395762041245673
H12132,0.13876890370359973
H12484,0.4651233181936132
H12499,0.3067430476473873
H7618,0.22923841849374846
H7634,0.26818242006767895
H7635,0.2671406819328463
H7636,0.24867015170659815
H8354,0.30618683020303367
H8355,0.29574181590658427
H8356,0.2905193087583596
H8357,0.2852968016101349
H8358,0.23561145688674354
H8359,0.30920594388367684
H8360,0.2878997058977716
H8361,0.24424786847190927
H8362,0.2869399475740553
H8363,0.440723769151417
H8364,0.30678587728565904
H8369,0.49052164826833233
H8370,0.4378117714803882
H8373,0.2671190703848205
H8375,0.291395433892433
H8377,0.231801336863314
H8379,0.21049509887740872
H8380,0.3826422386546674
H8381,0.2758818883072851
H9768,0.43960749711471925
H10676,0.22653213652082824
H9903,0.19690979338588785
H9904,0.18646477908943848
H9908,0.237400852985366
H9909,0.2269558386889166
H8371,0.18266995073730158
H9833,0.2116651368093635
H10026,0.2077266137414117
H11307,0.3732733298852318
H11450,0.19165221447661443
H12080,0.4468824708222212
H12129,0.3853216971388475
H8171,0.306001119127454
H8172,0.3007786119792293
H8174,0.3927083892003621
H8177,0.1752420571113482
H8178,0.28098045916681935
H8179,0.25519277837633786
H8180,0.35478136523728476
H8181,0.3223057194217182
H8182,0.2903335976827799
H8183,0.3680508227370071
H8184,0.3576058084405577
H8185,0.17069129034150402
H8186,0.3904748929895997
H8187,0.37439116215191914
H8191,0.26245916678673153
H8192,0.260798795939486
H8193,0.2503537816430366
H8194,0.23872890836967606
H8195,0.23382826674852705
H8199,0.33277032141224483
H8200,0.19496521244323048
H8202,0.23251350847425195
H8203,0.21284952414557542
H8204,0.2519501990042088
H8205,0.23628267755953475
H8206,0.24702581436313534
H8208,0.24745591075245432
H8210,0.3443934286205219
H8211,0.26227418213489834
H8213,0.24096794414899306
H8215,0.21745536936185383
H8216,0.22155667299744888
H8217,0.2535109731073934
H8218,0.17093428925855936
H8219,0.23473372633086664
H8221,0.1950312991092612
H8222,0.2738990554082589
H8223,0.38720558117398
H8224,0.3815668646327488
H8225,0.3239314645150312
H8228,0.230629510635252
H8229,0.2276200827801458
H8230,0.21195256133547175
H8232,0.36934911759102806
H8233,0.2616307877594613
H8234,0.2564082806112366
H8235,0.21153635194246523
H8238,0.2831578952019502
H8239,0.28357704887486135
H8240,0.24510194676267116
H8241,0.23987943961444647
H8246,0.3223057194217182
H8248,0.31581164986296323
H8249,0.31058914271473853
H8250,0.4185049808053405
H8253,0.28956657685293297
H8255,0.2766255870965576
H8256,0.2609580656518835
H8260,0.33905391801143236
H8261,0.33383141086320767
H8262,0.23900920924783348
H8264,0.21630483811708345
H8268,0.22155667299744888
H8269,0.25182916783844894
H8270,0.16998131141648584
H8271,0.16475880426826114
H8272,0.15912008772702996
H8273,0.27665130203599325
H8283,0.24622315027530078
H8196,0.17877430434300504
H8226,0.2358529301172237
H8236,0.22239848796566813
H8237,0.21717598081744344
H8266,0.1456910026789328
H8278,0.2860922144644016
H8280,0.3389335537436786
H8214,0.25554878572661455
H8263,0.23462942940157502
H11121,0.2740906645007952
H8243,0.08701995304084123
H8244,0.23032261902619483
H8245,0.09739108553266532
H10502,0.20217203604271133
H10716,0.17370604041741056
H10718,0.13200553882286836
H11182,0.16078804923785275
H11333,0.005168757647908334
H11416,0.17845037302162733
H11568,0.16373920066496905
H11582,0.28494000965242855
H11583,0.2692724882077545
H11720,0.1793992395424707
H11721,0.1580497428234951
H12408,0.20300886813179606
H9021,0.17845037302162733
